<?xml version="1.0" encoding="UTF-8"?>
<project-private xmlns="http://www.netbeans.org/ns/project-private/1">
    <editor-bookmarks xmlns="http://www.netbeans.org/ns/editor-bookmarks/2" lastBookmarkId="0"/>
    <open-files xmlns="http://www.netbeans.org/ns/projectui-open-files/2">
        <group>
            <file>file:/E:/Assignment_PRJ/WebDienThoai/web/winesmanager.jsp</file>
            <file>file:/E:/Assignment_PRJ/WebDienThoai/src/java/controller/ManagerControl.java</file>
            <file>file:/E:/Assignment_PRJ/WebDienThoai/src/java/controller/EditControl.java</file>
            <file>file:/E:/Assignment_PRJ/WebDienThoai/src/java/controller/AddControl.java</file>
            <file>file:/E:/Assignment_PRJ/WebDienThoai/src/java/controller/LoadControl.java</file>
            <file>file:/E:/Assignment_PRJ/WebDienThoai/src/java/dal/DAO.java</file>
        </group>
    </open-files>
</project-private>
